Name,Jun-20,Jul-20,Aug-20,Sep-20,Oct-20,Nov-20,Dec-20,Jan-21,Feb-21,Mar-21,Apr-21,May-21,Jun-21,Jul-21,Aug-21,Sep-21,Oct-21
Admiral,84,104,66,29,29,24,34,22,29,37,25,23,16,9,10,7,11
Agent S,226,235,96,65,65,41,36,44,36,50,36,27,13,21,16,14,22
Agnes,376,400,228,146,146,95,85,96,116,120,92,70,49,45,38,29,64
Al,110,123,46,31,31,20,15,15,20,23,18,6,15,10,12,7,15
Alfonso,241,214,108,53,53,29,26,40,55,80,50,45,28,12,13,9,25
Alice,225,237,141,75,75,55,49,43,47,57,39,27,17,18,21,13,23
Alli,47,41,24,9,9,10,7,6,13,13,6,3,4,2,3,1,7
Amelia,138,136,77,30,30,24,17,22,25,33,22,16,10,6,9,5,6
Anabelle,191,205,98,44,44,23,30,35,37,49,38,16,18,12,11,7,14
Anchovy,145,125,65,33,33,26,28,21,13,32,19,13,5,7,9,8,12
Angus,52,67,27,18,18,14,7,14,13,17,17,10,7,1,10,2,7
Anicotti,52,76,44,18,18,14,10,11,17,16,12,7,11,7,3,5,4
Ankha,2311,2038,1174,641,641,414,386,385,437,446,349,277,148,141,125,216,455
Annalisa,96,80,45,45,45,23,17,20,29,32,22,17,7,13,7,8,14
Annalise,29,36,19,11,11,14,13,7,15,10,7,8,8,7,5,5,8
Antonio,273,268,134,123,123,55,58,72,50,68,51,31,25,31,16,12,28
Apollo,948,959,516,319,319,208,177,174,216,211,169,120,92,81,68,50,131
Apple,769,892,496,284,284,196,169,217,214,206,172,124,82,86,70,54,82
Astrid,37,32,20,10,10,12,4,16,13,9,14,7,2,6,5,1,9
Audie,2381,2038,1151,744,744,402,370,407,404,450,349,246,169,180,146,110,194
Aurora,678,565,317,159,159,111,110,124,125,122,92,64,44,34,45,32,62
Ava,49,58,37,27,27,14,20,17,13,14,17,13,8,5,5,5,5
Avery,95,73,39,22,22,25,19,21,20,19,15,9,6,3,9,2,15
Axel,107,126,74,34,34,23,17,22,17,25,20,14,8,11,6,6,12
Baabara,53,48,28,7,7,15,8,10,17,15,7,8,7,7,5,5,7
Bam,445,398,268,143,143,113,87,94,94,127,109,62,47,37,41,27,60
Bangle,175,178,95,67,67,44,43,40,43,47,35,26,15,17,16,6,19
Barold,201,287,163,109,109,58,37,26,47,51,32,17,9,6,10,8,14
Bea,172,180,107,87,87,51,41,50,63,60,68,41,25,16,23,17,39
Beardo,142,129,75,56,56,24,22,22,20,34,13,15,5,7,5,4,17
Beau,2095,1867,1072,673,673,443,372,389,394,430,372,223,179,127,123,119,224
Becky,18,44,17,14,14,6,7,6,5,9,6,7,5,2,1,2,8
Bella,116,114,42,44,44,21,29,25,31,33,29,29,17,13,8,14,11
Benedict,80,61,36,16,16,16,19,15,11,11,5,9,3,5,4,3,5
Benjamin,89,76,61,37,37,21,20,16,15,12,24,15,12,6,6,7,11
Bertha,112,131,56,33,33,18,18,26,23,30,19,14,6,11,6,5,6
Bettina,41,47,18,15,15,11,14,12,18,10,5,6,7,2,3,8,5
Bianca,359,362,169,112,112,76,82,86,96,92,61,58,30,19,22,18,34
Biff,153,159,97,44,44,35,30,47,31,50,24,24,10,13,7,11,21
Big Top,65,49,37,19,19,12,11,23,21,16,21,10,8,4,5,4,8
Bill,228,217,123,85,85,54,56,68,60,869,155,59,44,25,26,9,26
Billy,114,117,67,34,34,25,14,55,27,55,38,8,14,13,12,4,10
Biskit,237,307,172,92,92,60,43,56,42,71,49,30,27,23,11,14,30
Bitty,14,21,18,12,12,6,3,14,3,12,3,4,3,2,3,5,4
Blaire,129,141,81,72,72,56,47,46,55,69,52,38,43,27,16,11,31
Blanche,136,138,87,51,51,25,28,24,44,48,28,25,16,21,10,6,23
Bluebear,648,692,443,239,239,184,136,183,158,198,146,115,88,57,58,35,66
Bob,1841,1932,1046,592,592,409,320,349,329,345,256,173,123,149,111,88,177
Bonbon,51,77,51,31,31,15,14,28,21,25,25,11,16,11,10,9,16
Bones,291,306,209,125,125,105,82,77,78,108,79,57,34,33,28,22,43
Boomer,207,197,89,56,56,26,35,29,25,41,30,25,15,15,14,10,26
Boone,82,73,38,36,36,13,14,24,19,23,8,10,9,8,6,8,8
Boots,65,93,43,26,26,26,12,20,25,33,19,14,10,9,10,5,12
Boris,36,30,40,21,21,10,7,9,8,13,8,4,0,1,2,4,4
Boyd,25,17,16,12,12,9,3,4,8,17,10,3,3,4,2,2,2
Bree,47,59,30,30,30,28,19,17,31,29,23,20,20,10,10,5,11
Broccolo,110,135,68,64,64,40,34,54,43,55,39,29,19,13,13,11,20
Broffina,27,27,13,7,7,39,30,11,7,15,7,5,3,2,1,1,2
Bruce,215,163,104,56,56,52,31,35,38,27,30,23,18,15,11,6,13
Bubbles,101,94,58,38,38,17,22,24,20,14,25,14,15,12,9,7,12
Buck,105,95,33,22,22,15,22,26,30,28,20,20,12,10,6,3,16
Bud,39,54,39,12,12,7,11,18,10,11,11,8,4,8,3,2,8
Bunnie,280,309,183,125,125,78,65,50,60,79,80,49,28,21,18,21,35
Butch,112,145,92,74,74,41,31,32,42,41,35,14,15,10,13,12,20
Buzz,39,24,18,15,15,9,10,5,17,14,9,7,4,9,1,4,4
Cally,52,52,22,26,26,20,15,14,18,20,15,12,11,9,11,6,9
Camofrog,83,86,54,35,35,26,17,26,22,42,27,15,15,9,14,4,9
Canberra,173,160,76,48,48,26,30,50,46,61,38,26,18,16,19,16,16
Candi,31,22,14,11,11,11,9,7,7,15,6,7,5,4,4,2,4
Carmen,153,160,83,54,54,45,24,37,33,41,26,25,14,15,7,5,18
Caroline,103,99,62,50,50,48,41,21,28,26,24,15,10,15,11,6,14
Carrie,41,30,17,8,8,20,12,16,16,12,10,10,10,4,6,4,8
Cashmere,26,21,14,52,52,14,8,5,5,9,6,10,7,4,3,2,7
Celia,155,140,79,42,42,31,35,34,43,47,34,35,17,18,13,12,18
Cesar,24,24,15,11,11,6,8,17,18,8,5,18,35,3,2,5,3
Chadder,123,116,57,37,37,31,15,25,57,38,40,27,25,14,15,9,18
Charlise,40,30,23,13,13,11,8,6,10,13,10,5,8,6,3,9,9
Cheri,288,256,156,92,92,62,56,61,62,70,57,35,23,22,13,12,19
Cherry,1002,975,556,352,352,244,202,211,218,251,236,148,109,87,72,57,131
Chester,95,145,115,53,53,27,22,29,20,29,19,11,12,10,12,7,6
Chevre,469,446,236,177,177,132,94,97,109,118,97,47,36,47,41,27,54
Chief,274,262,125,92,92,50,51,47,48,71,40,38,34,19,24,16,34
Chops,33,26,18,9,9,8,6,10,5,11,14,4,8,1,2,5,3
Chow,28,41,19,16,16,13,11,6,3,25,10,8,3,3,2,10,21
Chrissy,359,362,218,132,132,84,71,85,82,98,85,65,40,36,27,23,39
Claude,45,40,28,12,12,11,15,12,8,9,6,6,14,5,3,8,7
Claudia,40,40,41,18,18,9,12,6,10,6,13,7,3,2,2,4,8
Clay,379,1123,489,191,191,120,84,105,84,97,60,44,24,27,23,12,33
Cleo,40,34,24,32,32,18,13,12,16,17,14,10,7,8,16,8,10
Clyde,34,28,15,10,10,8,7,6,6,12,11,4,1,6,5,1,4
Coach,90,77,33,19,19,15,15,22,14,26,15,14,4,3,8,6,10
Cobb,36,26,26,11,11,9,28,12,12,14,10,9,7,4,8,9,14
Coco,1680,1762,1015,601,601,391,313,326,352,387,311,186,154,157,103,100,223
Cole,96,96,74,35,35,27,21,26,24,32,27,26,15,19,11,8,19
Colton,115,96,57,39,39,24,28,29,24,31,28,17,10,12,8,7,8
Cookie,631,743,369,228,228,167,155,171,162,168,144,115,75,69,65,64,76
Cousteau,65,68,31,29,29,23,13,19,18,24,21,10,5,10,7,5,10
Cranston,215,187,128,100,100,53,49,36,53,42,33,27,21,15,8,11,18
Croque,24,38,18,12,12,4,12,9,9,12,9,6,5,3,5,4,8
Cube,248,245,129,79,79,55,42,53,58,54,45,17,19,18,12,16,37
Curlos,64,62,34,33,33,21,10,13,11,13,15,6,7,5,4,8,11
Curly,28,23,29,11,11,11,8,7,8,8,7,1,4,2,4,3,2
Curt,53,62,33,20,20,14,13,10,15,17,13,4,4,8,8,4,10
Cyd,119,138,100,57,57,34,28,24,28,28,28,22,11,9,8,8,20
Cyrano,39,32,24,22,22,13,6,15,14,16,12,9,4,5,3,2,6
Daisy,347,334,221,137,137,81,77,91,84,123,99,62,43,23,39,31,51
Deena,73,74,43,26,26,14,16,12,11,17,18,15,8,6,6,3,3
Deirdre,192,237,145,100,100,84,61,71,70,94,65,46,19,25,21,29,42
Del,68,60,38,28,28,23,17,18,16,15,14,12,2,5,7,2,10
Deli,134,99,72,36,36,28,21,26,37,42,32,20,11,10,11,4,21
Derwin,49,52,35,24,24,17,11,23,18,32,24,13,12,5,6,7,10
Diana,1411,1374,781,432,432,307,289,260,319,353,253,185,160,114,109,94,139
Diva,142,107,51,34,34,36,23,26,23,29,16,17,15,8,6,6,10
Dizzy,191,218,122,69,69,47,36,61,53,61,43,32,27,23,22,13,33
Dobie,350,474,330,236,236,159,102,134,130,141,127,51,50,46,41,24,86
Doc,61,70,31,26,26,19,17,14,18,23,16,12,9,9,4,2,6
Dom,1937,2143,1111,661,661,394,366,405,365,441,349,219,146,149,97,85,132
Dora,71,53,25,18,18,8,14,13,27,12,19,9,11,8,8,3,4
Dotty,252,218,100,71,71,61,50,52,71,64,47,40,26,23,17,13,21
Drago,283,239,139,91,91,45,42,59,52,58,50,44,21,25,20,13,35
Drake,79,81,59,29,29,18,19,27,14,21,12,19,8,6,11,4,12
Drift,59,60,31,25,25,17,16,23,35,33,35,23,17,8,7,6,15
Ed,49,53,25,17,17,17,14,10,11,17,12,3,5,8,4,7,9
Egbert,96,104,54,28,28,27,19,22,34,27,16,15,2,10,8,7,12
Elise,54,23,21,10,10,7,6,6,11,10,5,2,4,1,3,1,3
Ellie,265,239,143,87,87,59,46,60,61,73,43,36,16,26,24,16,27
Elmer,58,51,30,19,19,12,13,11,14,19,10,6,6,0,9,6,11
Eloise,53,53,38,26,26,23,19,16,17,17,22,7,8,8,8,7,8
Elvis,88,90,53,42,42,23,21,15,20,31,20,20,15,13,10,11,10
Erik,1139,1197,690,993,993,572,427,413,400,412,297,209,149,125,91,74,174
Eugene,241,239,115,66,66,42,46,27,43,51,53,28,18,23,14,11,23
Eunice,99,134,50,32,32,25,20,28,29,25,23,19,9,11,5,8,6
Fang,642,623,374,227,227,163,180,172,141,183,129,95,73,65,52,44,75
Fauna,1942,1801,1145,684,684,449,412,447,487,514,407,271,185,154,127,123,210
Felicity,167,146,81,86,86,64,54,39,54,67,54,25,23,21,14,15,16
Filbert,745,744,465,296,296,208,168,170,142,164,130,99,69,62,48,33,57
Flip,91,60,44,23,23,24,22,17,23,26,20,13,11,6,3,3,7
Flo,163,148,76,53,53,37,35,44,35,47,38,30,16,10,14,9,18
Flora,741,738,435,266,266,180,137,158,153,165,130,87,80,68,44,41,63
Flurry,606,581,295,201,201,138,125,136,134,137,89,56,44,46,30,30,48
Francine,201,225,141,80,80,57,47,60,57,74,70,38,33,22,23,11,30
Frank,25,32,21,17,17,5,12,5,15,23,6,11,5,6,0,6,8
Freckles,126,135,76,64,64,31,30,26,27,48,27,22,8,11,14,10,14
Freya,265,212,106,73,73,57,46,45,60,51,45,33,24,17,11,17,34
Friga,31,23,21,13,13,13,12,10,18,17,19,13,11,4,8,4,5
Frita,172,163,92,45,45,31,29,27,32,32,25,22,6,18,17,6,14
Frobert,50,52,29,31,31,16,13,12,11,13,15,22,8,4,4,8,4
Fuchsia,233,281,186,115,115,74,63,65,57,66,47,50,23,18,22,16,52
Gabi,39,48,29,19,19,13,15,17,16,15,12,9,3,8,5,3,7
Gala,131,178,114,64,64,65,37,51,49,51,35,26,14,19,13,16,20
Gaston,73,73,54,37,37,23,23,24,13,10,14,8,4,4,8,5,10
Gayle,314,281,154,92,92,77,55,71,93,80,81,47,32,37,18,12,33
Genji,469,495,298,221,221,126,121,118,113,98,101,67,39,36,32,28,83
Gigi,23,27,18,15,15,15,16,6,6,8,7,4,5,3,4,1,6
Gladys,140,130,67,38,38,34,28,46,29,40,21,17,13,13,16,7,21
Gloria,26,28,17,10,10,11,13,6,12,11,6,2,8,3,4,0,14
Goldie,798,828,425,266,266,187,173,184,180,187,154,90,74,59,64,48,99
Gonzo,93,118,48,53,53,29,24,26,21,34,29,16,11,11,8,12,13
Goose,104,101,34,37,37,22,15,15,15,30,18,19,6,10,11,2,16
Graham,101,85,51,49,49,30,26,16,16,22,17,8,7,9,6,7,5
Greta,25,21,11,12,12,5,14,7,4,11,2,9,7,3,3,1,7
Grizzly,47,55,48,37,37,17,20,21,25,27,27,22,5,13,9,9,14
Groucho,52,59,25,31,31,27,11,18,19,15,13,2,9,4,4,3,3
Gruff,32,39,22,22,22,15,8,10,7,14,10,3,14,9,11,2,9
Gwen,22,32,21,16,16,9,8,8,10,8,12,4,4,7,2,3,5
Hamlet,274,296,158,100,100,82,61,73,64,70,54,38,33,30,18,15,22
Hamphrey,83,89,57,25,25,24,18,21,23,32,21,17,11,8,9,13,11
Hans,63,73,46,21,21,11,18,12,15,25,17,5,10,4,4,5,11
Harry,15,21,21,13,13,10,7,6,7,14,6,2,2,2,0,1,5
Hazel,250,262,113,95,95,60,48,52,90,85,46,40,19,21,22,15,24
Henry,231,222,103,97,97,71,81,66,60,70,72,40,20,28,21,13,40
Hippeux,37,28,36,34,34,18,16,20,12,10,23,8,10,6,6,6,14
Hopkins,92,99,49,37,37,36,24,25,24,19,22,24,7,7,14,8,13
Hopper,92,106,55,36,36,25,20,24,18,20,22,11,6,9,9,2,16
Hornsby,404,384,214,131,131,77,71,81,92,93,73,48,29,28,24,13,40
Huck,50,49,25,22,22,21,12,11,12,16,10,8,7,3,7,2,3
Hugh,76,96,60,25,25,24,25,16,26,22,28,19,10,4,8,10,15
Iggly,78,84,40,33,33,28,16,26,22,25,15,13,12,5,6,3,15
Ike,34,33,21,12,12,6,13,7,11,10,10,4,4,6,1,6,4
Jacob,89,79,43,32,32,15,15,20,15,18,9,10,5,3,7,9,5
Jacques,98,117,65,34,34,30,30,21,26,22,17,16,12,12,8,4,17
Jambette,42,38,30,24,24,14,6,14,16,22,13,5,7,4,8,3,8
Jay,52,72,45,26,26,9,12,16,22,18,22,10,10,7,9,6,4
Jeremiah,164,191,105,89,89,47,33,28,53,37,36,27,14,18,21,9,25
Jitters,36,55,80,34,34,13,15,10,9,15,6,6,2,7,4,4,9
Joey,193,162,102,66,66,34,31,35,31,45,53,32,16,18,13,17,26
Judy,2696,2642,1445,824,824,546,472,524,479,560,421,323,228,190,176,135,202
Julia,216,237,116,73,73,59,44,47,64,68,60,43,24,18,15,12,23
Julian,983,943,552,310,310,202,170,184,213,231,192,135,109,67,62,49,116
June,354,300,148,108,108,52,59,64,60,71,55,32,34,27,12,10,25
Kabuki,494,496,284,173,173,113,80,96,94,130,106,82,48,37,33,15,74
Katt,437,311,217,134,134,91,71,73,71,82,63,46,26,36,23,21,37
Keaton,79,77,41,26,26,15,15,14,10,21,16,10,5,10,5,7,12
Ken,122,80,57,26,26,34,16,27,20,20,17,14,10,7,5,7,12
Ketchup,1110,1259,709,403,403,262,239,255,249,326,236,151,129,99,76,75,119
Kevin,54,61,32,18,18,10,9,9,18,15,7,13,6,3,2,7,9
Kid Cat,381,355,250,189,189,113,96,100,85,118,104,68,41,54,23,24,44
Kidd,223,206,129,78,78,56,38,43,44,57,48,32,31,28,20,15,22
Kiki,429,409,291,379,379,176,127,114,149,187,140,82,64,55,44,39,102
Kitt,54,50,26,20,20,14,11,31,27,17,20,13,7,4,7,3,15
Kitty,42,46,21,22,22,17,12,12,10,18,9,14,12,4,7,8,9
Klaus,81,94,59,40,40,27,19,16,19,17,21,11,4,8,2,4,9
Knox,66,64,30,17,17,21,15,13,7,13,12,5,4,5,8,4,7
Kody,47,43,21,25,25,16,16,21,12,17,10,14,9,5,4,3,6
Kyle,412,372,197,129,129,101,74,83,72,84,74,46,31,25,25,27,39
Leonardo,43,39,26,21,21,20,9,18,16,17,16,14,7,12,6,6,7
Leopold,62,60,29,24,24,21,13,13,17,19,15,9,4,7,12,5,11
Lily,507,527,273,164,164,118,108,122,167,185,155,94,74,53,66,60,100
Limberg,25,25,13,7,7,12,3,6,5,3,13,4,2,4,4,3,5
Lionel,68,89,36,32,32,17,13,14,12,21,16,9,9,9,10,11,13
Lobo,180,164,91,69,69,37,47,33,34,46,36,23,20,18,15,11,32
Lolly,1239,1329,794,563,563,370,372,420,410,443,343,233,145,153,119,115,175
Lopez,204,210,139,90,90,49,46,44,58,58,36,33,22,20,15,12,25
Louie,49,34,18,17,17,15,7,8,5,10,12,3,6,3,2,3,4
Lucha,53,56,19,11,11,13,9,9,18,18,14,7,10,2,4,3,7
Lucky,1663,1533,884,1009,1009,357,259,229,261,264,237,172,123,121,121,95,203
Lucy,55,58,33,36,36,18,19,14,13,16,14,6,6,6,6,4,14
Lyman,196,198,144,100,100,47,50,55,53,63,43,23,22,8,14,12,21
Mac,128,105,54,44,44,35,18,23,28,30,18,16,8,11,9,6,16
Maddie,159,173,121,64,64,33,35,32,24,40,23,24,20,10,18,9,26
Maelle,14,43,18,12,12,13,7,5,5,11,2,21,5,4,4,0,10
Maggie,40,52,36,15,15,14,6,12,10,20,8,12,5,3,4,2,1
Mallary,19,20,16,12,12,8,5,14,12,8,11,7,6,3,2,5,1
Maple,957,1116,740,570,570,389,349,412,384,466,319,231,147,142,98,105,185
Marcel,103,124,62,42,42,30,34,23,27,29,16,16,11,10,12,7,24
Marcie,81,60,26,30,30,20,15,17,15,16,18,6,8,9,9,4,6
Margie,128,142,79,44,44,35,35,33,38,39,27,18,15,15,13,8,19
Marina,2521,2440,1240,725,725,489,447,460,460,516,392,272,182,188,133,125,222
Marshal,6044,5426,2820,1641,1641,1108,936,1000,913,1065,725,479,361,365,245,258,454
Mathilda,44,46,25,28,28,21,18,12,24,21,22,13,10,6,6,4,9
Megan,176,175,105,65,65,53,37,43,44,49,42,30,12,16,10,5,19
Melba,575,583,304,199,199,133,115,144,164,192,127,97,56,52,40,28,69
Merengue,1935,1752,1211,637,637,404,366,436,429,452,344,240,155,139,133,90,197
Merry,445,1598,3540,625,625,275,414,281,239,244,200,127,80,74,60,38,89
Midge,108,91,55,34,34,27,24,32,29,35,22,24,11,9,11,12,10
Mint,127,130,69,57,57,40,40,37,39,52,36,26,24,17,13,20,23
Mira,183,173,100,70,70,29,34,57,44,49,23,28,14,20,14,15,21
Miranda,30,25,9,11,11,7,8,13,8,7,6,5,7,2,3,4,5
Mitzi,286,235,122,95,95,60,52,58,49,86,63,43,26,32,23,26,43
Moe,141,119,78,32,32,25,26,28,22,34,23,18,14,16,10,5,21
Molly,1295,1432,833,502,502,338,281,333,416,482,334,246,165,131,155,100,218
Monique,41,48,22,18,18,19,15,14,14,15,14,11,5,5,5,11,11
Monty,26,35,14,16,16,10,9,9,12,11,7,11,6,5,3,2,3
Moose,21,27,11,11,11,4,8,16,9,12,2,3,3,2,1,4,5
Mott,35,28,23,11,11,7,6,3,10,9,5,4,3,1,0,2,1
Muffy,348,399,207,140,140,72,67,91,85,89,63,46,38,33,31,23,53
Murphy,75,96,57,43,43,25,16,22,21,29,23,20,14,10,7,9,10
Nan,161,177,92,80,80,50,39,41,50,48,34,29,18,11,20,8,26
Nana,132,103,77,42,42,25,25,42,38,49,33,19,17,15,17,7,13
Naomi,24,30,18,7,7,10,8,9,8,10,10,9,3,5,0,2,10
Nate,83,95,46,29,29,20,18,21,20,16,15,14,10,7,6,2,9
Nibbles,114,95,51,38,38,27,19,19,24,31,22,13,14,11,8,2,18
Norma,121,110,52,39,39,24,29,40,38,38,26,17,10,13,13,9,16
O'Hare,115,115,63,47,47,35,23,33,31,34,26,30,61,14,13,14,17
Octavian,711,765,439,301,301,192,162,156,176,183,148,98,77,58,49,54,82
Olaf,80,68,39,32,32,19,11,16,15,14,5,13,4,11,4,1,6
Olive,93,124,63,44,44,26,29,25,21,42,29,18,14,10,11,8,18
Olivia,199,211,102,92,92,49,49,60,54,69,56,31,15,21,25,14,39
Opal,66,33,30,33,33,20,24,25,29,30,26,9,10,6,7,3,9
Ozzie,294,282,151,101,101,66,50,63,58,84,60,49,23,27,17,15,30
Pancetti,25,19,22,10,10,4,9,3,6,8,9,6,5,0,5,2,4
Pango,75,69,50,26,26,30,16,10,19,14,8,9,3,2,3,4,6
Paolo,81,41,18,22,22,14,22,15,9,16,18,9,8,3,7,5,6
Papi,167,152,124,79,79,52,49,44,51,63,49,41,26,19,13,15,22
Pashmina,441,461,256,183,183,113,117,127,125,126,83,62,52,47,48,35,68
Pate,100,87,51,38,38,31,29,24,29,33,26,13,9,10,4,5,3
Patty,91,93,53,36,36,23,24,19,24,29,23,12,11,10,7,8,11
Paula,23,29,26,9,9,15,10,7,6,12,8,4,6,1,3,5,6
Peaches,30,43,24,24,24,13,11,6,10,10,9,13,4,2,3,4,4
Peanut,289,315,179,91,91,59,69,66,60,75,49,44,37,28,26,22,28
Pecan,86,78,51,54,54,38,33,31,32,40,31,23,18,12,10,10,17
Peck,36,32,22,17,17,5,13,7,8,9,8,8,2,4,2,3,4
Peewee,50,32,12,13,13,9,8,12,10,17,14,10,7,8,2,1,5
Peggy,48,41,23,16,16,12,17,12,17,16,10,4,6,3,2,5,5
Pekoe,482,518,313,213,213,127,112,114,113,122,112,91,46,43,44,42,60
Penelope,29,24,43,14,14,13,6,11,23,20,22,18,16,3,4,3,9
Phil,125,122,87,44,44,28,22,27,24,22,19,12,8,9,5,6,9
Phoebe,303,340,204,134,134,82,65,94,94,92,80,55,31,42,29,23,46
Pierce,91,88,41,30,30,12,21,20,14,28,17,9,6,5,7,12,13
Pietro,1101,1088,524,296,296,190,167,157,182,172,130,112,62,71,49,43,74
Pinky,145,139,59,51,51,30,26,38,40,46,38,27,16,19,15,13,15
Piper,140,123,52,43,43,26,23,28,33,29,26,15,8,14,11,5,24
Pippy,50,59,30,25,25,22,18,17,30,35,24,9,11,3,6,5,2
Plucky,87,83,32,19,19,19,16,21,20,18,13,12,10,7,8,1,9
Pompom,72,91,76,51,51,28,32,41,27,40,30,17,21,12,17,4,10
Poncho,142,130,116,57,57,40,47,39,68,62,52,31,23,11,16,10,22
Poppy,650,915,618,415,415,275,232,236,242,259,199,138,87,64,70,49,88
Portia,72,75,59,39,39,37,17,26,22,28,21,13,18,15,12,3,17
Prince,73,73,46,27,27,17,17,21,15,17,18,9,14,8,12,5,5
Puck,68,65,26,14,14,17,12,12,17,18,12,14,7,6,4,4,1
Puddles,174,173,86,64,64,31,31,43,31,35,32,19,9,16,14,14,17
Pudge,64,80,51,41,41,25,23,15,14,23,17,11,6,2,10,6,15
Punchy,694,652,353,226,226,148,128,131,123,133,114,89,67,57,49,49,84
Purrl,94,113,82,45,45,41,38,26,35,41,27,35,14,5,24,17,34
Queenie,19,32,21,14,14,7,9,8,5,8,9,5,7,3,2,2,2
Quillson,77,56,36,27,27,28,25,17,15,18,16,10,8,3,5,7,13
Raddle,159,174,82,65,65,42,31,28,39,37,20,14,15,11,17,7,24
Rasher,39,43,27,18,18,13,9,8,3,19,10,2,5,6,1,5,9
Raymond,5656,5129,2640,1609,1609,1011,872,934,817,913,656,459,335,332,265,221,443
Ren√©e,113,96,54,44,44,16,15,31,32,28,28,14,8,7,9,7,15
Reneigh,273,309,200,128,128,82,72,98,99,106,83,72,44,39,36,30,43
Rex,117,118,51,44,44,29,16,25,28,33,24,13,10,16,12,6,16
Rhonda,36,25,14,13,13,10,7,8,12,10,9,2,5,3,3,2,4
Ribbot,182,142,82,55,55,46,28,31,34,43,39,18,18,20,12,9,34
Ricky,27,28,18,7,7,17,6,6,10,11,6,4,2,1,3,3,4
Rizzo,21,29,30,8,8,7,6,7,5,5,6,3,2,1,2,0,7
Roald,2478,2104,1217,530,530,335,255,238,263,255,195,135,86,89,63,54,110
Robin,25,38,22,11,11,9,9,11,13,8,12,5,5,3,3,1,6
Rocco,27,30,26,11,11,6,7,4,11,7,9,7,4,1,4,3,5
Rocket,51,51,29,23,23,9,22,20,14,12,14,4,5,5,3,7,7
Rod,75,90,59,31,31,27,27,19,28,35,18,23,10,13,9,8,12
Rodeo,114,156,78,75,75,27,25,29,29,23,17,17,9,15,5,9,12
Rodney,157,112,93,53,53,46,29,22,23,30,23,16,12,13,8,6,10
Rolf,132,112,59,36,36,22,26,27,29,33,18,16,10,7,8,8,15
Rooney,35,25,14,15,15,8,14,7,11,10,7,5,4,5,1,5,5
Rory,38,51,21,15,15,3,15,7,9,10,13,9,3,2,3,2,5
Roscoe,191,195,129,90,90,76,47,45,49,71,38,32,22,15,13,13,29
Rosie,796,818,489,298,298,204,176,202,210,239,169,117,74,93,80,81,92
Rowan,68,49,43,14,14,14,6,14,9,11,12,8,3,3,7,2,9
Ruby,477,479,387,198,198,123,107,80,84,73,68,50,46,29,30,32,54
Rudy,186,233,150,105,105,69,55,66,62,73,53,39,27,18,23,11,31
Sally,84,81,46,33,33,24,21,18,21,15,15,9,11,10,10,5,12
Samson,35,31,24,18,18,14,5,9,10,6,13,6,3,5,3,5,4
Sandy,34,28,11,11,11,22,13,7,8,10,6,3,2,3,0,3,5
Savannah,123,120,79,52,52,36,34,35,40,39,37,25,17,13,16,8,19
Scoot,256,229,125,73,73,46,47,51,51,55,46,25,20,22,17,15,28
Shari,186,184,79,69,69,59,45,45,55,65,49,26,23,15,16,10,28
Sheldon,112,93,34,42,42,29,26,24,18,40,12,6,12,9,1,9,16
Shep,227,271,175,116,116,76,73,82,68,84,70,49,24,23,27,12,44
Sherb,3374,3597,1988,1173,1173,749,651,696,663,743,579,390,277,259,203,163,305
Simon,54,58,29,16,16,12,10,15,16,22,12,4,2,4,4,4,8
Skye,706,707,351,205,205,160,118,118,137,123,93,70,53,37,36,24,67
Sly,90,75,36,27,27,23,22,19,17,23,19,5,7,4,6,9,9
Snake,281,247,140,78,78,48,50,46,44,52,35,33,23,9,5,13,33
Snooty,22,21,10,9,9,5,10,9,3,10,8,4,6,3,2,3,3
Soleil,39,31,19,25,25,13,7,10,8,10,18,8,5,3,3,3,4
Sparro,25,22,17,15,15,14,8,5,9,5,12,10,5,0,5,2,6
Spike,64,73,44,30,30,20,19,14,15,30,15,14,5,8,3,3,11
Spork,43,39,28,18,18,8,13,6,15,15,14,10,6,3,6,4,4
Sprinkle,574,581,335,207,207,158,167,154,149,141,115,80,43,42,33,28,51
Sprocket,218,197,119,66,66,52,34,33,32,43,23,32,11,19,11,5,34
Static,247,250,213,117,117,74,48,62,50,67,65,43,38,28,19,20,24
Stella,179,165,84,47,47,37,31,39,32,40,42,15,20,12,13,7,25
Sterling,113,127,59,39,39,20,25,16,22,22,16,16,8,7,11,6,9
Stinky,106,106,58,37,37,29,26,21,25,28,21,14,14,11,4,7,5
Stitches,2072,2153,1172,722,722,429,407,452,473,498,380,279,191,171,161,137,255
Stu,78,84,51,27,27,18,23,26,24,20,13,14,9,4,7,5,11
Sydney,205,207,102,59,59,46,28,40,30,42,39,16,13,16,7,18,17
Sylvana,195,226,163,132,132,80,66,87,80,85,76,40,32,28,22,19,35
Sylvia,57,47,37,18,18,13,16,24,17,10,15,16,9,7,7,8,4
T-Bone,22,22,16,13,13,13,9,12,5,12,12,10,7,2,1,4,6
Tabby,61,90,68,220,220,39,30,27,24,27,28,21,15,12,3,10,17
Tad,40,36,43,15,15,19,13,11,16,26,22,10,13,11,10,3,12
Tammi,58,52,20,23,23,20,17,20,15,17,13,8,4,3,4,4,6
Tammy,126,104,71,46,46,29,27,39,34,34,25,25,9,17,18,6,18
Tangy,905,887,561,332,332,216,180,205,220,234,199,106,81,74,68,51,93
Tank,116,83,60,37,37,17,24,21,24,25,15,16,15,11,11,5,21
Tasha,138,146,95,64,64,50,46,37,31,40,31,21,20,13,14,11,15
Teddy,267,247,137,99,99,56,48,59,60,62,50,36,23,19,22,20,32
Tex,89,105,49,41,41,22,19,19,29,31,17,10,12,7,7,5,11
Tia,799,801,431,253,253,191,167,179,191,207,162,110,78,60,44,40,66
Tiffany,108,132,86,35,35,34,27,31,31,38,25,17,7,11,14,19,23
Timbra,22,26,29,12,12,14,6,18,8,13,6,6,5,6,4,2,9
Tipper,74,90,67,43,43,28,27,40,37,33,29,20,12,15,7,7,13
Tom,87,74,51,40,40,18,33,20,29,24,20,20,25,18,13,13,14
Truffles,30,28,19,16,16,9,11,13,7,7,12,5,6,4,4,4,6
Tucker,70,50,31,31,31,14,12,17,20,25,9,7,4,14,5,2,12
Tutu,171,168,101,80,80,47,36,41,45,46,36,33,20,16,11,14,16
Twiggy,86,92,56,25,25,18,21,14,16,25,23,10,12,8,5,5,13
Tybalt,76,64,47,27,27,19,22,19,17,24,6,8,7,7,6,7,11
Ursala,75,74,59,22,22,21,22,23,29,26,21,3,13,14,15,7,10
Velma,26,23,22,19,19,9,9,7,7,5,15,4,8,2,2,1,5
Vesta,187,161,116,58,58,45,41,36,42,49,43,28,14,16,15,8,22
Vic,41,47,22,22,22,10,10,16,8,13,15,8,5,5,6,2,4
Victoria,46,50,20,29,29,19,16,15,24,18,14,13,8,5,6,4,9
Violet,24,27,12,10,10,11,4,4,4,12,2,4,0,3,4,1,2
Vivian,143,165,93,73,73,47,37,48,45,55,31,33,19,13,19,16,24
Vladimir,53,51,35,26,26,20,16,9,10,21,12,17,9,6,7,1,11
Wade,242,249,149,83,83,74,60,49,53,59,32,29,17,24,16,11,27
Walker,150,133,99,59,59,34,35,31,36,49,21,21,16,12,8,12,12
Walt,93,112,63,50,50,31,22,21,19,27,29,19,13,13,8,10,18
Wart Jr.,77,66,53,42,42,22,17,12,18,22,17,5,13,7,4,7,13
Weber,82,98,67,39,39,15,19,25,15,28,26,20,21,15,9,5,22
Wendy,238,200,87,72,72,37,37,40,28,40,47,32,17,19,16,15,19
Whitney,720,689,417,254,254,194,170,166,176,184,148,105,54,58,55,48,93
Willow,95,123,91,50,50,49,38,39,47,45,35,27,13,11,15,9,13
Winnie,58,45,28,18,18,20,11,17,21,22,21,17,9,7,10,5,11
Wolfgang,420,385,212,157,157,108,99,106,124,135,128,79,61,36,31,33,86
Yuka,63,57,37,27,27,21,21,20,29,25,21,12,13,12,7,9,15
Zell,424,441,274,192,192,142,107,112,100,119,103,72,52,40,33,27,63
Zucker,3079,2881,1573,1036,1036,654,602,684,674,734,558,413,297,268,214,198,346